Reporter,Partner,Product categories,Indicator Type,Indicator,2015,2014,2013,2012,2011,2010,2009,2008,2007,2006,2005,2004,2003,2002,2001,2000,1999,1998,1997,1996,1995,1994,1993,1992,1991,1990,1989,1988
Peru,...,...,Development,GDP (current US$ Mil),         189111.14,         201021.34,         201150.66,         192605.19,         171724.33,         147492.39,         120822.99,         120550.60,         102170.98,          88643.19,          76060.61,          66768.70,          58731.03,          54777.55,          52030.16,          51744.75,          50187.32,          55501.47,          58147.52,          55252.41,          53312.79,          44882.08,          35158.11,          36139.23,          34672.12,          26410.39,          22499.56,          15439.41
Peru,...,...,Export,No. Of Export partners,            176.00,            174.00,            173.00,            170.00,            175.00,            170.00,            169.00,            166.00,            168.00,            173.00,            170.00,            172.00,            160.00,            144.00,            147.00,            144.00,            140.00,            130.00,            138.00,            134.00,            138.00,            129.00,,            107.00,,,,
Peru,...,...,Export,No. Of Export products,           3248.00,           3320.00,           3323.00,           3315.00,           3290.00,           3274.00,           3193.00,           3181.00,           3219.00,           3320.00,           3269.00,           3135.00,           3081.00,           3005.00,           2837.00,           2920.00,           2819.00,           2806.00,           2489.00,           2435.00,           2188.00,           2174.00,,           1697.00,,,,
Peru,...,...,Import,No. Of Import partners,            194.00,            194.00,            191.00,            184.00,            193.00,            186.00,            185.00,            193.00,            183.00,            176.00,            177.00,            168.00,            165.00,            168.00,            156.00,            148.00,            125.00,            120.00,            119.00,            127.00,            130.00,            131.00,,            119.00,,,,
Peru,...,...,Import,No. Of Import products,           4146.00,           4156.00,           4152.00,           4155.00,           4141.00,           4169.00,           4135.00,           4165.00,           4332.00,           4331.00,           4318.00,           4350.00,           4328.00,           4339.00,           4387.00,           4388.00,           4406.00,           4463.00,           4388.00,           4404.00,           4384.00,           4376.00,,           4385.00,,,,
Peru,...,...,Tariff,No. Of Tariff Agreement,              1.00,             36.00,             35.00,,             35.00,             43.00,             35.00,             33.00,             13.00,             13.00,             12.00,             12.00,              1.00,              1.00,              2.00,              2.00,              2.00,              2.00,              2.00,,              1.00,,,,,,,
Peru,...,...,Development,Trade Balance (current US$ Mil),          -4562.32,          -3290.84,           -342.98,           4390.11,           8615.82,           5869.49,           5765.89,           1231.42,           7515.82,           8233.37,           4822.40,           2596.23,            237.70,           -383.20,           -968.62,          -1035.56,          -1210.52,          -3078.79,          -2625.38,          -2774.31,          -3053.46,          -1517.03,          -1346.34,          -1061.11,           -774.22,            508.32,             27.56,           -466.70
Peru,Argentina,All Products,Import,Trade (US$ Mil)-Top 5 Import Partner,,,,           1950.94,           1839.61,,,           1582.00,           1123.27,,,,            525.50,            593.69,            454.98,,,,,,,            299.12,,            256.48,,,,
Peru,Brazil,All Products,Export,Trade (US$ Mil)-Top 5 Export Partner,,           1593.43,,,,,,,,,,,,,,,,,,,,,,,,,,
Peru,Brazil,All Products,Import,Trade (US$ Mil)-Top 5 Import Partner,           1933.83,           1994.47,           2324.82,           2579.17,           2439.66,           2182.77,           1680.68,           2417.84,           1879.29,           1597.22,           1028.36,            698.46,            549.38,            489.46,,,            301.79,            381.50,            375.27,            363.42,            426.79,            372.78,,            213.97,,,,
Peru,Canada,All Products,Export,Trade (US$ Mil)-Top 5 Export Partner,           2305.90,           2551.56,           2741.61,           3448.35,           4232.47,           3329.36,           2310.90,           1949.88,           1840.80,           1611.61,           1021.81,,,,,,,,,,,,,,,,,
Peru,Chile,All Products,Export,Trade (US$ Mil)-Top 5 Export Partner,,,,,,,,,,           1429.92,           1129.37,            719.06,            412.57,,,,,,,,,,,,,,,
Peru,Chile,All Products,Import,Trade (US$ Mil)-Top 5 Import Partner,,,,,,,            997.22,,,,,,,,            428.42,            395.19,,,,,,,,,,,,
Peru,China,All Products,Export,Trade (US$ Mil)-Top 5 Export Partner,           7332.90,           7024.63,           7354.03,           7843.95,           6972.64,           5436.67,           4077.96,           3734.99,           3040.49,           2268.65,           1860.86,           1244.70,            676.97,            597.63,            426.25,            442.68,,            233.18,            490.59,            419.38,            349.02,            284.84,,            251.80,,,,
Peru,China,All Products,Import,Trade (US$ Mil)-Top 5 Import Partner,           8666.72,           8924.52,           8413.58,           7814.51,           6364.75,           5140.03,           3266.50,           4069.49,           2462.96,           1583.66,           1057.93,            768.12,            639.98,            463.44,,,,,,,,,,,,,,
Peru,Colombia,All Products,Import,Trade (US$ Mil)-Top 5 Import Partner,           1295.53,,,,,,,,,            950.69,            772.64,            779.44,,            456.49,            378.53,            399.70,            422.52,            440.81,            613.27,            677.15,            611.67,,,            312.59,,,,
Peru,Ecuador,All Products,Import,Trade (US$ Mil)-Top 5 Import Partner,,           1773.89,           1930.30,           2012.46,           1877.98,           1423.35,           1022.06,           1775.99,           1514.48,           1092.11,            914.22,,            650.64,,,,,,,,,,,,,,,
Peru,Germany,All Products,Export,Trade (US$ Mil)-Top 5 Export Partner,,,,,,,,,,,,,,,,,            245.71,            230.16,            386.92,            300.70,            331.91,            279.34,,,,,,
Peru,Germany,All Products,Import,Trade (US$ Mil)-Top 5 Import Partner,,,,,,,,,,,,,,,,,,,,,,            262.27,,,,,,
Peru,Italy,All Products,Export,Trade (US$ Mil)-Top 5 Export Partner,,,,,,,,,,,,,,,,,,,,,,,,            193.80,,,,
Peru,Japan,All Products,Export,Trade (US$ Mil)-Top 5 Export Partner,           1118.56,,           2226.15,           2571.43,           2174.66,           1792.25,           1376.46,           1860.03,           2180.55,,,            554.16,,            374.30,            383.00,            325.36,            257.71,,            473.59,            388.00,            455.47,            384.59,,            291.65,,,,
Peru,Japan,All Products,Import,Trade (US$ Mil)-Top 5 Import Partner,,,,,,           1369.41,,,,,,,,,            429.10,            485.81,            476.14,            536.30,            479.37,            439.70,            532.59,            490.39,,            317.78,,,,
Peru,Mexico,All Products,Import,Trade (US$ Mil)-Top 5 Import Partner,           1725.53,           1924.81,           1817.20,,,,,,,,,,,,,,,,,,,,,,,,,
Peru,Switzerland,All Products,Export,Trade (US$ Mil)-Top 5 Export Partner,           2694.47,           2642.27,           3024.89,           5074.45,           5937.61,           3845.28,           3954.26,           3410.28,           2335.28,           1687.56,            786.30,,            672.02,            563.41,            305.61,            549.57,            559.50,            483.99,            412.54,,,,,,,,,
Peru,United Kingdom,All Products,Export,Trade (US$ Mil)-Top 5 Export Partner,,,,,,,,,,,,           1153.74,           1165.90,            904.14,            923.19,            578.88,            554.83,            272.23,,            424.21,            409.50,            405.32,,            218.11,,,,
Peru,United States,All Products,Export,Trade (US$ Mil)-Top 5 Export Partner,           5018.33,           6234.16,           7819.23,           6671.98,           6272.05,           6134.38,           4603.77,           5835.26,           5585.92,           5707.49,           5257.26,           3730.49,           2434.51,           1998.09,           1693.55,           1919.88,           1725.68,           1835.16,           1597.56,           1159.53,            937.52,            726.94,,            705.77,,,,
Peru,United States,All Products,Import,Trade (US$ Mil)-Top 5 Import Partner,           7867.19,           8802.43,           8804.52,           7931.97,           7429.79,           5828.21,           4315.35,           5647.49,           3584.15,           2515.69,           2220.13,           1981.51,           1565.76,           1440.47,           1691.43,           1736.86,           1879.52,           2233.22,           2271.23,           2089.27,           1911.36,           1583.06,,           1145.53,,,,
Peru,Venezuela,All Products,Import,Trade (US$ Mil)-Top 5 Import Partner,,,,,,,,,,,,            692.95,,,,            621.68,            351.75,            406.08,            566.82,            590.95,            384.68,,,,,,,
Peru,World,All Products,Tariff,Duty Free Imports (US$ Thousand),,       32999350.92,       31953049.99,,       27497625.69,       20757826.96,       15762446.46,       22434473.23,        5589793.76,        4481955.47,         837317.78,         599443.66,              0.00,              0.00,              0.00,              0.00,              0.00,              0.00,              0.00,,              0.00,,,,,,,
Peru,World,Animal,Export,Export(US$ Mil),            811.66,            999.83,            933.53,            880.67,            865.32,            614.55,            479.34,            541.22,            448.09,            383.18,            331.61,            269.88,            190.35,            169.20,            178.52,            161.24,            162.49,            201.95,            241.49,            207.92,            195.39,            144.27,,             78.15,,,,
Peru,World,Capital goods,Export,Export(US$ Mil),            440.52,            503.06,            459.48,            427.56,            377.16,            312.82,            284.98,            219.49,            134.58,            113.35,            137.96,            101.93,             79.43,             84.64,            117.97,             67.02,             56.05,             80.73,             41.06,             40.47,             29.78,             32.60,,             28.45,,,,
Peru,World,Chemicals,Export,Export(US$ Mil),            769.71,            779.54,            786.17,            917.46,           1056.82,            775.59,            502.53,            657.13,            485.03,            367.50,            339.75,            261.74,            201.70,            153.00,            158.86,            148.77,            152.63,            166.87,            175.56,            149.97,            114.31,             92.00,,             64.51,,,,
Peru,World,Consumer goods,Export,Export(US$ Mil),           5796.32,           8304.52,           9038.74,           9077.75,           8373.37,           5977.43,           4552.63,           5924.78,           4785.57,           3935.49,           3595.53,           2358.90,           1741.71,           1440.05,           1349.65,           1255.59,            966.66,            964.04,            977.92,            804.63,            675.52,            641.52,,            542.72,,,,
Peru,World,Food Products,Export,Export(US$ Mil),           2744.97,           3039.30,           2809.43,           3211.15,           3196.83,           2665.64,           2299.45,           2401.88,           1966.28,           1771.23,           1579.71,           1327.84,           1058.16,           1096.78,           1084.13,           1120.46,            784.02,            619.30,           1306.96,           1073.36,            929.60,            925.92,,            582.76,,,,
Peru,World,Footwear,Export,Export(US$ Mil),             32.71,             34.55,             30.27,             29.38,             29.45,             24.26,             19.93,             22.76,             19.41,             18.39,             12.22,              7.32,              3.81,              3.24,              3.64,              4.32,              3.12,              1.93,              1.99,              2.17,              2.21,              1.49,,              1.09,,,,
Peru,World,Fuels,Export,Export(US$ Mil),           2411.68,           4753.05,           5520.37,           5364.65,           4886.39,           3345.41,           2068.27,           2860.62,           2409.66,           1901.85,           1595.89,            694.17,            666.15,            479.74,            413.98,            403.65,            250.11,            252.03,            401.77,            384.69,            268.19,            177.06,,            204.94,,,,
Peru,World,Hides and Skins,Export,Export(US$ Mil),             60.41,             55.76,             49.48,             47.88,             47.32,             33.42,             24.43,             39.42,             43.88,             38.88,             30.03,             32.74,             26.28,             21.48,             16.84,             11.76,              7.37,              7.37,             10.45,              8.31,              5.72,              6.27,,              6.39,,,,
Peru,World,Intermediate goods,Export,Export(US$ Mil),          12476.80,          14165.64,          17191.14,          19083.52,          19946.92,          16271.43,          12965.04,          14099.37,          12076.26,          11578.60,           8403.02,           6807.11,           5132.15,           4324.71,           3868.57,           4127.65,           3523.52,           3193.65,           3758.48,           3391.30,           3100.41,           2648.59,,           1989.00,,,,
Peru,World,Mach and Elec,Export,Export(US$ Mil),            375.48,            389.85,            357.42,            370.06,            312.85,            296.66,            276.76,            226.16,            149.11,            109.34,            136.99,             98.90,             68.06,             67.61,            121.26,             69.49,             53.46,             74.70,             40.67,             31.34,             26.68,             22.25,,             26.78,,,,
Peru,World,Metals,Export,Export(US$ Mil),           3158.27,           4072.84,           4386.54,           4287.28,           5115.57,           4671.11,           2981.87,           4518.62,           4586.70,           4648.77,           2839.23,           2256.84,           1416.26,           1234.60,           1125.85,           1346.07,           1091.71,           1107.84,           1395.57,           1278.67,           1321.05,            996.65,,            936.62,,,,
Peru,World,Minerals,Export,Export(US$ Mil),          10363.77,          10981.31,          12004.28,          13876.56,          13459.55,          10362.46,           6799.07,           8631.78,           9023.16,           6345.75,           3883.80,           2559.75,           1241.31,           1113.38,            882.30,            786.01,            702.10,            732.97,            928.82,            834.76,            878.84,            678.54,,            556.87,,,,
Peru,World,Miscellaneous,Export,Export(US$ Mil),            101.03,            106.94,            113.20,            114.02,            118.54,             78.47,             70.31,             90.46,             89.98,             58.97,             49.66,             42.30,             36.98,             29.24,             26.60,             23.34,             22.67,             96.12,             16.11,             18.91,              8.36,              8.91,,              5.07,,,,
Peru,World,Plastic or Rubber,Export,Export(US$ Mil),            564.04,            660.36,            612.52,            619.15,            560.27,            413.76,            298.89,            365.17,            308.45,            229.10,            198.22,            143.87,            111.21,            100.47,             83.13,             60.90,             40.86,             32.63,             24.82,             13.43,             10.88,              7.98,,              9.25,,,,
Peru,World,Raw materials,Export,Export(US$ Mil),          14467.00,          15421.90,          15828.27,          17733.98,          17654.45,          13219.96,           8920.36,          11021.18,          11029.46,           8110.01,           4968.06,           3450.36,           2067.47,           1809.58,           1483.73,           1412.52,           1383.75,           1432.11,           1960.63,           1597.00,           1613.41,           1049.28,,            779.20,,,,
Peru,World,Stone and Glass,Export,Export(US$ Mil),           6223.45,           6294.15,           9198.27,          10476.54,          10636.60,           8126.82,           7147.56,           6384.25,           4943.19,           4683.00,           3530.26,           2815.62,           2385.05,           1766.81,           1408.04,           1405.70,           1456.02,           1316.33,            920.77,            882.12,            701.69,            514.44,,            341.99,,,,
Peru,World,Textiles and Clothing,Export,Export(US$ Mil),           1355.42,           1831.11,           1951.43,           2195.04,           2021.98,           1574.91,           1504.93,           2037.41,           1744.56,           1482.86,           1282.12,           1105.53,            837.76,            680.86,            669.69,            707.54,            578.23,            543.49,            605.01,            487.65,            464.96,            404.19,,            363.77,,,,
Peru,World,Transportation,Export,Export(US$ Mil),             71.41,            108.09,            100.17,             83.54,             73.98,             27.21,             28.92,             16.25,              8.99,             11.72,             10.85,             11.67,             12.87,             26.73,             13.52,              7.32,              6.09,             13.69,              3.75,              4.02,              5.36,              9.40,,              9.10,,,,
Peru,World,Vegetable,Export,Export(US$ Mil),           3855.23,           3943.59,           3296.16,           3462.28,           3611.27,           2444.17,           1909.24,           2081.72,           1515.04,           1397.16,           1048.61,            898.13,            609.44,            555.46,            505.72,            494.12,            525.56,            438.72,            631.72,            427.15,            476.48,            373.88,,            151.13,,,,
Peru,World,Wood,Export,Export(US$ Mil),            345.63,            409.00,            419.66,            430.86,            393.27,            353.00,            326.75,            413.37,            343.06,            317.19,            245.34,            200.19,            161.24,            166.61,            133.54,            115.34,             95.61,             65.85,             53.92,             30.52,             29.99,             25.66,,             20.95,,,,
Peru,World,All Products,Export,Exports (in US$ Mil),          33244.87,          38459.25,          42568.90,          46366.54,          46386.02,          35807.44,          26738.26,          31288.21,          28084.59,          23764.90,          17114.29,          12726.50,           9026.64,           7665.21,           6825.60,           6866.04,           5932.05,           5671.80,           6759.38,           5835.01,           5439.69,           4388.90,,           3359.37,,,,
Peru,World,Capital goods,Import,Import(US$ Mil),          11461.43,          12514.24,          13213.45,          13132.54,          11332.12,           8947.55,           6673.95,           8872.52,           5464.76,           4157.79,           3067.85,           2427.78,           2002.19,           1722.56,           1948.65,           2097.23,           2138.24,           2641.40,           2828.51,           2502.08,           2387.28,           1775.66,,           1178.32,,,,
Peru,World,Consumer goods,Import,Import(US$ Mil),          12070.03,          12849.95,          13137.33,          11586.18,           9847.34,           7616.91,           5312.72,           7267.72,           4501.49,           3627.98,           3171.66,           2822.63,           2521.34,           2269.43,           2210.47,           2249.37,           1973.16,           2356.94,           2450.46,           2353.30,           2258.66,           1638.21,,           1035.32,,,,
Peru,World,Intermediate goods,Import,Import(US$ Mil),           9926.63,          10518.10,          10425.36,          10824.84,          10080.94,           8272.94,           5893.08,           8154.97,           5490.57,           4216.11,           3477.68,           2823.12,           2262.91,           2179.81,           1908.95,           1847.47,           1700.94,           2047.86,           2055.12,           1904.75,           1929.76,           1503.64,,           1096.47,,,,
Peru,World,Raw materials,Import,Import(US$ Mil),           3862.85,           5487.49,           5739.00,           5849.46,           5945.65,           4577.02,           3593.98,           5221.67,           4012.79,           3067.80,           2573.04,           1861.05,           1488.08,           1198.27,           1135.67,           1098.13,            909.56,           1047.22,           1105.32,           1046.40,            857.27,            594.57,,            605.01,,,,
Peru,World,All Products,Import,Imports (in US$ Mil),          38104.61,          42193.57,          43321.71,          42162.93,          37891.04,          29965.75,          21813.51,          29952.80,          20368.28,          15311.56,          12501.83,          10101.03,           8414.05,           7493.00,           7315.91,           7415.02,           6822.84,           8220.26,           8558.28,           7947.17,           7584.04,           5626.27,,           3964.25,,,,
Peru,...,...,Development,"GNI per capita, Atlas method (current US$)",   6130.00,   6360.00,   6270.00,   5670.00,   4880.00,   4360.00,   3940.00,   3780.00,   3220.00,   2780.00,   2510.00,   2300.00,   2110.00,   1970.00,   1910.00,   1970.00,   2030.00,   2140.00,   2250.00,   2120.00,   1920.00,   1730.00,   1520.00,   1390.00,   1180.00,    880.00,    830.00,    850.00
Peru,...,...,Trade Indicator,HH Market concentration index,      0.09,      0.08,      0.09,      0.08,      0.08,      0.09,      0.09,      0.08,      0.08,      0.10,      0.13,      0.12,      0.12,      0.11,      0.11,      0.12,      0.14,      0.15,      0.09,      0.08,      0.08,      0.07,,      0.12,,,,
Peru,...,...,Trade Indicator,Index of export market penetration,      4.86,      5.00,      5.13,      5.11,      5.03,      4.92,      4.80,      4.75,      4.55,      4.41,      4.27,      4.06,      3.81,      3.65,      3.43,      3.39,      3.27,      3.19,      3.16,      3.10,      3.01,      3.02,,      2.88,,,,
Peru,...,...,Development,Trade (% of GDP),     45.01,     46.79,     49.78,     52.62,     55.99,     51.67,     48.11,     58.43,     55.69,     51.79,     47.36,     41.94,     37.62,     35.25,     35.06,     35.54,     33.21,     32.95,     33.47,     31.65,     30.93,     28.92,     28.50,     27.84,     26.41,     29.47,     22.54,     33.22
Peru,...,...,Development,Trade Balance (% of GDP),     -2.41,     -1.64,     -0.17,      2.28,      5.02,      3.98,      4.77,      1.02,      7.36,      9.29,      6.34,      3.89,      0.40,     -0.70,     -1.86,     -2.00,     -2.41,     -5.55,     -4.52,     -5.02,     -5.73,     -3.38,     -3.83,     -2.94,     -2.23,      1.92,      0.12,     -3.02
Peru,...,...,Development,Trade in services (% of GDP),      7.31,      6.62,      6.36,      5.98,      5.87,      6.32,      6.83,      7.47,      7.03,      6.43,      6.79,      6.76,      7.07,      6.67,      6.80,      6.85,      7.17,      7.04,      6.28,      6.04,      5.08,      5.40,      5.82,      5.99,      5.88,      7.35,      9.03,     13.00
Peru,Argentina,All Products,Import,Partner share(%)-Top 5 Import Partner,,,,      4.63,      4.86,,,      5.28,      5.51,,,,      6.25,      7.92,      6.22,,,,,,,      5.32,,      6.47,,,,
Peru,Brazil,All Products,Export,Partner share(%)-Top 5 Export Partner,,      4.14,,,,,,,,,,,,,,,,,,,,,,,,,,
Peru,Brazil,All Products,Import,Partner share(%)-Top 5 Import Partner,      5.08,      4.73,      5.37,      6.12,      6.44,      7.28,      7.70,      8.07,      9.23,     10.43,      8.23,      6.91,      6.53,      6.53,,,      4.42,      4.64,      4.38,      4.57,      5.63,      6.63,,      5.40,,,,
Peru,Canada,All Products,Export,Partner share(%)-Top 5 Export Partner,      6.94,      6.63,      6.44,      7.44,      9.12,      9.30,      8.64,      6.23,      6.55,      6.78,      5.97,,,,,,,,,,,,,,,,,
Peru,Chile,All Products,Export,Partner share(%)-Top 5 Export Partner,,,,,,,,,,      6.02,      6.60,      5.65,      4.57,,,,,,,,,,,,,,,
Peru,Chile,All Products,Import,Partner share(%)-Top 5 Import Partner,,,,,,,      4.57,,,,,,,,      5.86,      5.33,,,,,,,,,,,,
Peru,China,All Products,Export,Partner share(%)-Top 5 Export Partner,     22.06,     18.27,     17.28,     16.92,     15.03,     15.18,     15.25,     11.94,     10.83,      9.55,     10.87,      9.78,      7.50,      7.80,      6.24,      6.45,,      4.11,      7.26,      7.19,      6.42,      6.49,,      7.50,,,,
Peru,China,All Products,Import,Partner share(%)-Top 5 Import Partner,     22.74,     21.15,     19.42,     18.53,     16.80,     17.15,     14.97,     13.59,     12.09,     10.34,      8.46,      7.60,      7.61,      6.18,,,,,,,,,,,,,,
Peru,Colombia,All Products,Import,Partner share(%)-Top 5 Import Partner,      3.40,,,,,,,,,      6.21,      6.18,      7.72,,      6.09,      5.17,      5.39,      6.19,      5.36,      7.17,      8.52,      8.07,,,      7.89,,,,
Peru,Ecuador,All Products,Import,Partner share(%)-Top 5 Import Partner,,      4.20,      4.46,      4.77,      4.96,      4.75,      4.69,      5.93,      7.44,      7.13,      7.31,,      7.73,,,,,,,,,,,,,,,
Peru,Germany,All Products,Export,Partner share(%)-Top 5 Export Partner,,,,,,,,,,,,,,,,,      4.14,      4.06,      5.72,      5.15,      6.10,      6.36,,,,,,
Peru,Germany,All Products,Import,Partner share(%)-Top 5 Import Partner,,,,,,,,,,,,,,,,,,,,,,      4.66,,,,,,
Peru,Italy,All Products,Export,Partner share(%)-Top 5 Export Partner,,,,,,,,,,,,,,,,,,,,,,,,      5.77,,,,
Peru,Japan,All Products,Export,Partner share(%)-Top 5 Export Partner,      3.36,,      5.23,      5.55,      4.69,      5.01,      5.15,      5.94,      7.76,,,      4.35,,      4.88,      5.61,      4.74,      4.34,,      7.01,      6.65,      8.37,      8.76,,      8.68,,,,
Peru,Japan,All Products,Import,Partner share(%)-Top 5 Import Partner,,,,,,      4.57,,,,,,,,,      5.87,      6.55,      6.98,      6.52,      5.60,      5.53,      7.02,      8.72,,      8.02,,,,
Peru,Mexico,All Products,Import,Partner share(%)-Top 5 Import Partner,      4.53,      4.56,      4.19,,,,,,,,,,,,,,,,,,,,,,,,,
Peru,Switzerland,All Products,Export,Partner share(%)-Top 5 Export Partner,      8.10,      6.87,      7.11,     10.94,     12.80,     10.74,     14.79,     10.90,      8.32,      7.10,      4.59,,      7.44,      7.35,      4.48,      8.00,      9.43,      8.53,      6.10,,,,,,,,,
Peru,United Kingdom,All Products,Export,Partner share(%)-Top 5 Export Partner,,,,,,,,,,,,      9.07,     12.92,     11.80,     13.53,      8.43,      9.35,      4.80,,      7.27,      7.53,      9.23,,      6.49,,,,
Peru,United States,All Products,Export,Partner share(%)-Top 5 Export Partner,     15.10,     16.21,     18.37,     14.39,     13.52,     17.13,     17.22,     18.65,     19.89,     24.02,     30.72,     29.31,     26.97,     26.07,     24.81,     27.96,     29.09,     32.36,     23.63,     19.87,     17.23,     16.56,,     21.01,,,,
Peru,United States,All Products,Import,Partner share(%)-Top 5 Import Partner,     20.65,     20.86,     20.32,     18.81,     19.61,     19.45,     19.78,     18.85,     17.60,     16.43,     17.76,     19.62,     18.61,     19.22,     23.12,     23.42,     27.55,     27.17,     26.54,     26.29,     25.20,     28.14,,     28.90,,,,
Peru,Venezuela,All Products,Import,Partner share(%)-Top 5 Import Partner,,,,,,,,,,,,      6.86,,,,      8.38,      5.16,      4.94,      6.62,      7.44,      5.07,,,,,,,
Peru,World,All Products,Trade Indicator,Country Growth (%),     -6.78,     -5.06,     -3.06,      5.41,     13.78,     17.55,    -10.47,      3.81,      9.91,     16.25,     15.37,     20.34,      7.36,      4.50,      1.97,      9.69,      0.65,     -9.31,     10.95,      4.68,     10.09,     21.55,,      8.62,,,,
Peru,World,All Products,Tariff,Duty Free Tariff Lines Share (%),,     65.29,     62.86,,     62.89,     59.90,     61.70,     60.77,     10.83,     10.51,      4.08,      3.16,      0.00,      0.00,      0.00,      0.00,      0.00,      0.00,      0.00,,      0.00,,,,,,,
Peru,World,Animal,Export,Export Product share(%),      2.44,      2.60,      2.19,      1.90,      1.87,      1.72,      1.79,      1.73,      1.60,      1.61,      1.94,      2.12,      2.11,      2.21,      2.62,      2.35,      2.74,      3.56,      3.57,      3.56,      3.59,      3.29,,      2.33,,,,
Peru,World,Capital goods,Export,Export Product share(%),      1.33,      1.31,      1.08,      0.92,      0.81,      0.87,      1.07,      0.70,      0.48,      0.48,      0.81,      0.80,      0.88,      1.10,      1.73,      0.98,      0.94,      1.42,      0.61,      0.69,      0.55,      0.74,,      0.85,,,,
Peru,World,Chemicals,Export,Export Product share(%),      2.32,      2.03,      1.85,      1.98,      2.28,      2.17,      1.88,      2.10,      1.73,      1.55,      1.99,      2.06,      2.23,      2.00,      2.33,      2.17,      2.57,      2.94,      2.60,      2.57,      2.10,      2.10,,      1.92,,,,
Peru,World,Consumer goods,Export,Export Product share(%),     17.44,     21.59,     21.23,     19.58,     18.05,     16.69,     17.03,     18.94,     17.04,     16.56,     21.01,     18.54,     19.30,     18.79,     19.77,     18.29,     16.30,     17.00,     14.47,     13.79,     12.42,     14.62,,     16.16,,,,
Peru,World,Food Products,Export,Export Product share(%),      8.26,      7.90,      6.60,      6.93,      6.89,      7.44,      8.60,      7.68,      7.00,      7.45,      9.23,     10.43,     11.72,     14.31,     15.88,     16.32,     13.22,     10.92,     19.34,     18.40,     17.09,     21.10,,     17.35,,,,
Peru,World,Footwear,Export,Export Product share(%),      0.10,      0.09,      0.07,      0.06,      0.06,      0.07,      0.07,      0.07,      0.07,      0.08,      0.07,      0.06,      0.04,      0.04,      0.05,      0.06,      0.05,      0.03,      0.03,      0.04,      0.04,      0.03,,      0.03,,,,
Peru,World,Fuels,Export,Export Product share(%),      7.25,     12.36,     12.97,     11.57,     10.53,      9.34,      7.74,      9.14,      8.58,      8.00,      9.32,      5.45,      7.38,      6.26,      6.07,      5.88,      4.22,      4.44,      5.94,      6.59,      4.93,      4.03,,      6.10,,,,
Peru,World,Hides and Skins,Export,Export Product share(%),      0.18,      0.14,      0.12,      0.10,      0.10,      0.09,      0.09,      0.13,      0.16,      0.16,      0.18,      0.26,      0.29,      0.28,      0.25,      0.17,      0.12,      0.13,      0.15,      0.14,      0.11,      0.14,,      0.19,,,,
Peru,World,Intermediate goods,Export,Export Product share(%),     37.53,     36.83,     40.38,     41.16,     43.00,     45.44,     48.49,     45.06,     43.00,     48.72,     49.10,     53.49,     56.86,     56.42,     56.68,     60.12,     59.40,     56.31,     55.60,     58.12,     57.00,     60.35,,     59.21,,,,
Peru,World,Mach and Elec,Export,Export Product share(%),      1.13,      1.01,      0.84,      0.80,      0.67,      0.83,      1.04,      0.72,      0.53,      0.46,      0.80,      0.78,      0.75,      0.88,      1.78,      1.01,      0.90,      1.32,      0.60,      0.54,      0.49,      0.51,,      0.80,,,,
Peru,World,Metals,Export,Export Product share(%),      9.50,     10.59,     10.30,      9.25,     11.03,     13.05,     11.15,     14.44,     16.33,     19.56,     16.59,     17.73,     15.69,     16.11,     16.49,     19.60,     18.40,     19.53,     20.65,     21.91,     24.29,     22.71,,     27.88,,,,
Peru,World,Minerals,Export,Export Product share(%),     31.17,     28.55,     28.20,     29.93,     29.02,     28.94,     25.43,     27.59,     32.13,     26.70,     22.69,     20.11,     13.75,     14.53,     12.93,     11.45,     11.84,     12.92,     13.74,     14.31,     16.16,     15.46,,     16.58,,,,
Peru,World,Miscellaneous,Export,Export Product share(%),      0.30,      0.28,      0.27,      0.25,      0.26,      0.22,      0.26,      0.29,      0.32,      0.25,      0.29,      0.33,      0.41,      0.38,      0.39,      0.34,      0.38,      1.69,      0.24,      0.32,      0.15,      0.20,,      0.15,,,,
Peru,World,Plastic or Rubber,Export,Export Product share(%),      1.70,      1.72,      1.44,      1.34,      1.21,      1.16,      1.12,      1.17,      1.10,      0.96,      1.16,      1.13,      1.23,      1.31,      1.22,      0.89,      0.69,      0.58,      0.37,      0.23,      0.20,      0.18,,      0.28,,,,
Peru,World,Raw materials,Export,Export Product share(%),     43.52,     40.10,     37.18,     38.25,     38.06,     36.92,     33.36,     35.22,     39.27,     34.13,     29.03,     27.11,     22.90,     23.61,     21.74,     20.57,     23.33,     25.25,     29.01,     27.37,     29.66,     23.91,,     23.19,,,,
Peru,World,Stone and Glass,Export,Export Product share(%),     18.72,     16.37,     21.61,     22.59,     22.93,     22.70,     26.73,     20.40,     17.60,     19.71,     20.63,     22.12,     26.42,     23.05,     20.63,     20.47,     24.54,     23.21,     13.62,     15.12,     12.90,     11.72,,     10.18,,,,
Peru,World,Textiles and Clothing,Export,Export Product share(%),      4.08,      4.76,      4.58,      4.73,      4.36,      4.40,      5.63,      6.51,      6.21,      6.24,      7.49,      8.69,      9.28,      8.88,      9.81,     10.30,      9.75,      9.58,      8.95,      8.36,      8.55,      9.21,,     10.83,,,,
Peru,World,Transportation,Export,Export Product share(%),      0.21,      0.28,      0.24,      0.18,      0.16,      0.08,      0.11,      0.05,      0.03,      0.05,      0.06,      0.09,      0.14,      0.35,      0.20,      0.11,      0.10,      0.24,      0.06,      0.07,      0.10,      0.21,,      0.27,,,,
Peru,World,Vegetable,Export,Export Product share(%),     11.60,     10.25,      7.74,      7.47,      7.79,      6.83,      7.14,      6.65,      5.39,      5.88,      6.13,      7.06,      6.75,      7.25,      7.41,      7.20,      8.86,      7.74,      9.35,      7.32,      8.76,      8.52,,      4.50,,,,
Peru,World,Wood,Export,Export Product share(%),      1.04,      1.06,      0.99,      0.93,      0.85,      0.99,      1.22,      1.32,      1.22,      1.33,      1.43,      1.57,      1.79,      2.17,      1.96,      1.68,      1.61,      1.16,      0.80,      0.52,      0.55,      0.58,,      0.62,,,,
Peru,World,Capital goods,Import,Import Product share(%),     30.08,     29.66,     30.50,     31.15,     29.91,     29.86,     30.60,     29.62,     26.83,     27.15,     24.54,     24.04,     23.80,     22.99,     26.64,     28.28,     31.34,     32.13,     33.05,     31.48,     31.48,     31.56,,     29.72,,,,
Peru,World,Consumer goods,Import,Import Product share(%),     31.68,     30.45,     30.33,     27.48,     25.99,     25.42,     24.36,     24.26,     22.10,     23.69,     25.37,     27.94,     29.97,     30.29,     30.21,     30.34,     28.92,     28.67,     28.63,     29.61,     29.78,     29.12,,     26.12,,,,
Peru,World,Intermediate goods,Import,Import Product share(%),     26.05,     24.93,     24.07,     25.67,     26.61,     27.61,     27.02,     27.23,     26.96,     27.54,     27.82,     27.95,     26.89,     29.09,     26.09,     24.92,     24.93,     24.91,     24.01,     23.97,     25.45,     26.73,,     27.66,,,,
Peru,World,Raw materials,Import,Import Product share(%),     10.14,     13.01,     13.25,     13.87,     15.69,     15.27,     16.48,     17.43,     19.70,     20.04,     20.58,     18.42,     17.69,     15.99,     15.52,     14.81,     13.33,     12.74,     12.92,     13.17,     11.30,     10.57,,     15.26,,,,
Peru,World,All Products,Tariff,Maximum Rate (%),,     11.00,     11.00,,     13.00,     17.00,     17.00,     20.00,     20.00,     20.00,     20.00,     20.00,     20.00,     20.00,     20.00,     30.00,     20.00,     20.00,     20.00,,     25.00,,,,,,,
Peru,World,All Products,Tariff,Simple Average (%),,      2.80,      2.88,,      3.12,      4.74,      4.54,      4.69,      8.48,      8.56,      9.19,      9.76,      9.68,     10.31,     11.86,     13.20,     13.08,     13.14,     13.20,,     16.24,,,,,,,
Peru,World,All Products,Tariff,Weighted Average (%),,      1.43,      1.52,,      1.51,      2.52,      2.24,      2.09,      5.18,      5.25,      8.33,      8.70,      9.50,      9.92,     11.32,     12.82,     12.65,     12.71,     12.70,,     15.34,,,,,,,
Peru,World,Capital goods,Tariff,Weighted Average (%),,      0.36,      0.37,,      0.41,      0.69,      0.58,      0.53,      4.95,      5.20,      5.97,      7.19,      6.48,      7.56,     12.00,     12.14,     12.15,     12.16,     12.14,,     15.20,,,,,,,
Peru,World,Consumer goods,Tariff,Weighted Average (%),,      3.13,      3.38,,      3.27,      5.50,      5.22,      4.82,      8.26,      8.46,     10.86,     10.81,     11.85,     12.04,     12.38,     12.93,     12.79,     12.96,     12.98,,     15.53,,,,,,,
Peru,World,Intermediate goods,Tariff,Weighted Average (%),,      1.16,      1.20,,      1.14,      1.96,      1.78,      1.65,      4.84,      4.84,      6.23,      6.32,      7.70,      7.90,      8.45,     12.91,     12.76,     12.79,     12.85,,     15.34,,,,,,,
Peru,World,Raw materials,Tariff,Weighted Average (%),,      0.31,      0.32,,      0.96,      1.56,      1.27,      1.29,      2.20,      1.78,     10.59,     10.77,     12.01,     12.69,     12.82,     13.72,     13.29,     13.33,     13.25,,     15.25,,,,,,,
Peru,World,All Products,Trade Indicator,World Growth (%),     -7.87,      0.13,      1.03,     -0.01,      9.18,     10.43,    -12.27,      7.47,      7.24,      7.53,      6.26,     10.47,      8.10,      2.06,     -1.85,      7.43,      2.52,     -0.47,      3.05,      3.55,     11.51,     15.29,,     11.98,,,,
